Product_Name,Rating,Price,Brand,Product_URL
LOUIS PHILIPPE Men Solid Polo Neck Pure Cotton Dark Green T-Shirt,4.3,914,LOUIS PHILIPPE,https://www.flipkart.com/louis-philippe-solid-men-polo-neck-dark-green-t-shirt/p/itmcb07f60a09da1?pid=TSHGSAW58ZMYPTTA&lid=LSTTSHGSAW58ZMYPTTA2FHQ2U&marketplace=FLIPKART&q=t+shirts&store=clo%2Fash%2Fank&srno=s_2_42&otracker=AS_Query_HistoryAutoSuggest_1_1_na_na_na&otracker1=AS_Query_HistoryAutoSuggest_1_1_na_na_na&fm=search-autosuggest&iid=en_Nybui6mzf-3pzsNRl3417K8-o26vG9WfrJQY1g7FcnAMUutYykWo7EZYveBVjUXpjdSU9A9P6GE1qDqPWSAXIarh2IGA9Ri0BGD7sEy8d8ywO7FUWDlEmQcHQoagYzI7&ppt=sp&ppn=sp&ssid=mfoyca52gg0000001788846652005&qH=04ad3bdbbe706182&ov_redirect=true
SAHAL Men Solid Round Neck Cotton Blend Pink T-Shirt,2.8,195,SAHAL,https://www.flipkart.com/sahal-solid-men-round-neck-pink-t-shirt/p/itm3f3e64e39b743?pid=TSHHZDGHZH8NHA3Y&lid=LSTTSHHZDGHZH8NHA3YSAZPNN&marketplace=FLIPKART&q=t+shirts&store=clo%2Fash%2Fank&srno=s_1_9&otracker=AS_Query_HistoryAutoSuggest_1_1_na_na_na&otracker1=AS_Query_HistoryAutoSuggest_1_1_na_na_na&fm=organic&iid=af9972eb-852a-4fe1-9d01-5b84f1739265.TSHHZDGHZH8NHA3Y.SEARCH&ppt=None&ppn=None&ssid=ndh00f0brk0000001788846633696&qH=04ad3bdbbe706182&ov_redirect=true
AACHIPAN Men Printed Polo Neck Pure Cotton Grey T-Shirt,3.9,258,AACHIPAN,https://www.flipkart.com/aachipan-printed-men-polo-neck-grey-t-shirt/p/itm74369ab61d540?pid=TSHHZGWTNH594MSS&lid=LSTTSHHZGWTNH594MSSYVZOJ4&marketplace=FLIPKART&q=t+shirts&store=clo%2Fash%2Fank&srno=s_1_10&otracker=AS_Query_HistoryAutoSuggest_1_1_na_na_na&otracker1=AS_Query_HistoryAutoSuggest_1_1_na_na_na&fm=organic&iid=af9972eb-852a-4fe1-9d01-5b84f1739265.TSHHZGWTNH594MSS.SEARCH&ppt=None&ppn=None&ssid=ndh00f0brk0000001788846633696&qH=04ad3bdbbe706182&ov_redirect=true
"VeBNoR Pack of 4 Men Typography Round Neck Polyester Black, Blue,...more",4.1,398,VeBNoR,https://www.flipkart.com/vebnor-typography-men-round-neck-black-blue-grey-maroon-t-shirt/p/itm75c778289a3d8?pid=TSHGYPRSUZHZ8QGG&lid=LSTTSHGYPRSUZHZ8QGGHKYCOT&marketplace=FLIPKART&q=t+shirts&store=clo%2Fash%2Fank&srno=s_2_55&otracker=AS_Query_HistoryAutoSuggest_1_1_na_na_na&otracker1=AS_Query_HistoryAutoSuggest_1_1_na_na_na&fm=search-autosuggest&iid=8da000fb-33ed-4722-af4f-48b51829ab3a.TSHGYPRSUZHZ8QGG.SEARCH&ppt=sp&ppn=sp&ssid=mfoyca52gg0000001788846652005&qH=04ad3bdbbe706182&ov_redirect=true
Louis Philippe Sport Slim Fit Casual Men Solid Polo Neck Pure Cot...more,4.2,824,Louis Philippe Sport,https://www.flipkart.com/louis-philippe-sport-solid-men-polo-neck-brown-t-shirt/p/itm04b03ec9ac65d?pid=TSHGPPBJZRBNQGRX&lid=LSTTSHGPPBJZRBNQGRX33LCNJ&marketplace=FLIPKART&q=t+shirts&store=clo%2Fash%2Fank&srno=s_1_22&otracker=AS_Query_HistoryAutoSuggest_1_1_na_na_na&otracker1=AS_Query_HistoryAutoSuggest_1_1_na_na_na&fm=organic&iid=en_6osxoQQoZ8klGu3LcJ1cNV27yJQju5zIHf1_2jrrNI8JaJG0jslVwijPp9XpcLUI5iu-Jm2YaWG9uh2VA2hZhTOW85pt-7p5_FL6puUp33_JuB4p5ln1ssNC79I1J3Pm&ppt=None&ppn=None&ssid=ndh00f0brk0000001788846633696&qH=04ad3bdbbe706182&ov_redirect=true
Austivo Men Colorblock Polo Neck Cotton Blend Dark Blue T-Shirt,4.1,472,Austivo,https://www.flipkart.com/austivo-colorblock-men-polo-neck-dark-blue-t-shirt/p/itm88a53666d700b?pid=TSHHHSY6KKQESVQY&lid=LSTTSHHHSY6KKQESVQYJGGRRB&marketplace=FLIPKART&q=t+shirts&store=clo%2Fash%2Fank&srno=s_2_46&otracker=AS_Query_HistoryAutoSuggest_1_1_na_na_na&otracker1=AS_Query_HistoryAutoSuggest_1_1_na_na_na&fm=search-autosuggest&iid=8da000fb-33ed-4722-af4f-48b51829ab3a.TSHHHSY6KKQESVQY.SEARCH&ppt=sp&ppn=sp&ssid=mfoyca52gg0000001788846652005&qH=04ad3bdbbe706182&ov_redirect=true
"KAJARU Men Printed Round Neck Polyester Green, Blue T-Shirt",3.9,165,KAJARU,https://www.flipkart.com/kajaru-printed-men-round-neck-green-blue-t-shirt/p/itm68f191baa44db?pid=TSHH8ZFWJXA8SVMJ&lid=LSTTSHH8ZFWJXA8SVMJ0XUOUV&marketplace=FLIPKART&q=t+shirts&store=clo%2Fash%2Fank&srno=s_1_14&otracker=AS_Query_HistoryAutoSuggest_1_1_na_na_na&otracker1=AS_Query_HistoryAutoSuggest_1_1_na_na_na&fm=search-autosuggest&iid=af9972eb-852a-4fe1-9d01-5b84f1739265.TSHH8ZFWJXA8SVMJ.SEARCH&ppt=sp&ppn=sp&ssid=ndh00f0brk0000001788846633696&qH=04ad3bdbbe706182&ov_redirect=true
PrintHolic Couple Solid Polo Neck Polyester Brown T-Shirt,3.8,327,PrintHolic,https://www.flipkart.com/printholic-solid-couple-polo-neck-brown-t-shirt/p/itm01985b75c578e?pid=TSHGW3HNHNVGHMSP&lid=LSTTSHGW3HNHNVGHMSPSAW4BJ&marketplace=FLIPKART&q=t+shirts&store=clo%2Fash%2Fank&srno=s_2_69&otracker=AS_Query_HistoryAutoSuggest_1_1_na_na_na&otracker1=AS_Query_HistoryAutoSuggest_1_1_na_na_na&fm=search-autosuggest&iid=8da000fb-33ed-4722-af4f-48b51829ab3a.TSHGW3HNHNVGHMSP.SEARCH&ppt=sp&ppn=sp&ssid=mfoyca52gg0000001788846652005&qH=04ad3bdbbe706182&ov_redirect=true
VeBNoR Men Solid Polo Neck Polyester Pink T-Shirt,4.4,292,VeBNoR,https://www.flipkart.com/vebnor-solid-men-polo-neck-pink-t-shirt/p/itma5dfc620e35b9?pid=TSHGRS6GVFUQFGVH&lid=LSTTSHGRS6GVFUQFGVHKE4AZV&marketplace=FLIPKART&q=t+shirts&store=clo%2Fash%2Fank&srno=s_2_54&otracker=AS_Query_HistoryAutoSuggest_1_1_na_na_na&otracker1=AS_Query_HistoryAutoSuggest_1_1_na_na_na&fm=search-autosuggest&iid=8da000fb-33ed-4722-af4f-48b51829ab3a.TSHGRS6GVFUQFGVH.SEARCH&ppt=sp&ppn=sp&ssid=mfoyca52gg0000001788846652005&qH=04ad3bdbbe706182&ov_redirect=true
Louis Philippe Sport Slim Fit Casual Men Solid Polo Neck Cotton B...more,4.4,879,Louis Philippe Sport,https://www.flipkart.com/louis-philippe-sport-solid-men-polo-neck-yellow-t-shirt/p/itm74c6ea7777336?pid=TSHGWYKTH3QZD5PG&lid=LSTTSHGWYKTH3QZD5PGOQC52S&marketplace=FLIPKART&q=t+shirts&store=clo%2Fash%2Fank&srno=s_2_72&otracker=AS_Query_HistoryAutoSuggest_1_1_na_na_na&otracker1=AS_Query_HistoryAutoSuggest_1_1_na_na_na&fm=search-autosuggest&iid=en_Nybui6mzf-3pzsNRl3417K8-o26vG9WfrJQY1g7FcnCOgDYwtVOignQejrUnp6_ZC8QnjFOPqh9ha7gJKrAQ0nv9foW_qj0aqSV5X67wSblm2fOx4jt4ppKIANdp529B&ppt=sp&ppn=sp&ssid=mfoyca52gg0000001788846652005&qH=04ad3bdbbe706182&ov_redirect=true
LOUIS PHILIPPE Men Solid Round Neck Pure Cotton Blue T-Shirt,4.3,824,LOUIS PHILIPPE,https://www.flipkart.com/louis-philippe-solid-men-round-neck-blue-t-shirt/p/itm77a4bf495da1f?pid=TSHHCZ9YZUGHZXRN&lid=LSTTSHHCZ9YZUGHZXRNCC2XOS&marketplace=FLIPKART&q=t+shirts&store=clo%2Fash%2Fank&srno=s_2_71&otracker=AS_Query_HistoryAutoSuggest_1_1_na_na_na&otracker1=AS_Query_HistoryAutoSuggest_1_1_na_na_na&fm=search-autosuggest&iid=en_Nybui6mzf-3pzsNRl3417K8-o26vG9WfrJQY1g7FcnDKfwDiVaLuCbGeYcngPoRf8PC8Uu84JkNSRTV8vR2I-BVsG8gZ0wgWhK-r8M3ZkMNm2fOx4jt4ppKIANdp529B&ppt=sp&ppn=sp&ssid=mfoyca52gg0000001788846652005&qH=04ad3bdbbe706182&ov_redirect=true
Louis Philippe Jeans Slim Fit Casual Men Solid Polo Neck Pure Cot...more,4.2,824,Louis Philippe Jeans,https://www.flipkart.com/louis-philippe-jeans-solid-men-polo-neck-white-t-shirt/p/itmef34dca1217d5?pid=TSHGSBF7ZGDPADTR&lid=LSTTSHGSBF7ZGDPADTRC3T8WO&marketplace=FLIPKART&q=t+shirts&store=clo%2Fash%2Fank&srno=s_2_52&otracker=AS_Query_HistoryAutoSuggest_1_1_na_na_na&otracker1=AS_Query_HistoryAutoSuggest_1_1_na_na_na&fm=search-autosuggest&iid=en_Nybui6mzf-3pzsNRl3417K8-o26vG9WfrJQY1g7FcnDFtxwg0831B5Gs7dlYMeOkY0FifyIt_bCE__u3qO7q055rb7MZxWXR7_jxLxZOmv2wO7FUWDlEmQcHQoagYzI7&ppt=sp&ppn=sp&ssid=mfoyca52gg0000001788846652005&qH=04ad3bdbbe706182&ov_redirect=true
LOUIS PHILIPPE Men Solid Polo Neck Pure Cotton Yellow T-Shirt,4.3,824,LOUIS PHILIPPE,https://www.flipkart.com/louis-philippe-solid-men-polo-neck-yellow-t-shirt/p/itmfdfdd4434bf85?pid=TSHH6WHSUYZQ9UCU&lid=LSTTSHH6WHSUYZQ9UCUJZ4VZR&marketplace=FLIPKART&q=t+shirts&store=clo%2Fash%2Fank&srno=s_2_41&otracker=AS_Query_HistoryAutoSuggest_1_1_na_na_na&otracker1=AS_Query_HistoryAutoSuggest_1_1_na_na_na&fm=search-autosuggest&iid=en_Nybui6mzf-3pzsNRl3417K8-o26vG9WfrJQY1g7FcnBCmVCYoGt3JXvWp3ZpHKqlcEjIEFeDduWOkSPQupSxkJvmv38jYYEe6IQiCHck5_OwO7FUWDlEmQcHQoagYzI7&ppt=sp&ppn=sp&ssid=mfoyca52gg0000001788846652005&qH=04ad3bdbbe706182&ov_redirect=true
LOUIS PHILIPPE Men Solid Polo Neck Pure Cotton Brown T-Shirt,4.3,944,LOUIS PHILIPPE,https://www.flipkart.com/louis-philippe-solid-men-polo-neck-brown-t-shirt/p/itm2f8c92b12f4d0?pid=TSHGSAW5BYZAXFJZ&lid=LSTTSHGSAW5BYZAXFJZMQUT7E&marketplace=FLIPKART&q=t+shirts&store=clo%2Fash%2Fank&srno=s_2_62&otracker=AS_Query_HistoryAutoSuggest_1_1_na_na_na&otracker1=AS_Query_HistoryAutoSuggest_1_1_na_na_na&fm=search-autosuggest&iid=en_Nybui6mzf-3pzsNRl3417K8-o26vG9WfrJQY1g7FcnC9c-ZGYZqPc1lWG2eC8_DcOXnu1qa7n_O40JSyw-cFzfGtLZTqEFGvYjsHMhTndMPlMFTpCgLqH9ct03Y3UXoM&ppt=sp&ppn=sp&ssid=mfoyca52gg0000001788846652005&qH=04ad3bdbbe706182&ov_redirect=true
YOGISSTORE Men Graphic Print Round Neck Pure Cotton Black T-Shirt,3.9,414,YOGISSTORE,https://www.flipkart.com/yogisstore-graphic-print-men-round-neck-black-t-shirt/p/itmd4b44975bb39e?pid=TSHHP9QXHVZ3RFYF&lid=LSTTSHHP9QXHVZ3RFYFAIM1G5&marketplace=FLIPKART&q=t+shirts&store=clo%2Fash%2Fank&srno=s_1_24&otracker=AS_Query_HistoryAutoSuggest_1_1_na_na_na&otracker1=AS_Query_HistoryAutoSuggest_1_1_na_na_na&fm=organic&iid=af9972eb-852a-4fe1-9d01-5b84f1739265.TSHHP9QXHVZ3RFYF.SEARCH&ppt=None&ppn=None&ssid=ndh00f0brk0000001788846633696&qH=04ad3bdbbe706182&ov_redirect=true
"FTX Pack of 4 Men Solid Round Neck Polyester Silver, Blue, Black,...more",4.1,357,FTX,https://www.flipkart.com/ftx-solid-men-round-neck-silver-blue-black-grey-t-shirt/p/itm39275afebb5b2?pid=TSHGEMGVQREGCBFM&lid=LSTTSHGEMGVQREGCBFMHOONJG&marketplace=FLIPKART&q=t+shirts&store=clo%2Fash%2Fank&srno=s_1_35&otracker=AS_Query_HistoryAutoSuggest_1_1_na_na_na&otracker1=AS_Query_HistoryAutoSuggest_1_1_na_na_na&fm=organic&iid=af9972eb-852a-4fe1-9d01-5b84f1739265.TSHGEMGVQREGCBFM.SEARCH&ppt=None&ppn=None&ssid=ndh00f0brk0000001788846633696&qH=04ad3bdbbe706182&ov_redirect=true
"Woops studio! Men Printed Round Neck Pure Cotton Black, Red T-Shi...more",3.8,389,Woops studio!,https://www.flipkart.com/woops-studio-printed-men-round-neck-black-red-t-shirt/p/itmd43b69ee19d23?pid=TSHHZVF72A3JGX6R&lid=LSTTSHHZVF72A3JGX6RSNILNL&marketplace=FLIPKART&q=t+shirts&store=clo%2Fash%2Fank&srno=s_1_8&otracker=AS_Query_HistoryAutoSuggest_1_1_na_na_na&otracker1=AS_Query_HistoryAutoSuggest_1_1_na_na_na&fm=search-autosuggest&iid=af9972eb-852a-4fe1-9d01-5b84f1739265.TSHHZVF72A3JGX6R.SEARCH&ppt=sp&ppn=sp&ssid=ndh00f0brk0000001788846633696&qH=04ad3bdbbe706182&ov_redirect=true
Allen Solly Men Colorblock Polo Neck Cotton Blend White T-Shirt,4.4,649,Allen Solly,https://www.flipkart.com/allen-solly-colorblock-men-polo-neck-white-t-shirt/p/itm6f9befce59217?pid=TSHGW7WWZTC9R7G4&lid=LSTTSHGW7WWZTC9R7G4BYBQEU&marketplace=FLIPKART&q=t+shirts&store=clo%2Fash%2Fank&srno=s_2_79&otracker=AS_Query_HistoryAutoSuggest_1_1_na_na_na&otracker1=AS_Query_HistoryAutoSuggest_1_1_na_na_na&fm=search-autosuggest&iid=8da000fb-33ed-4722-af4f-48b51829ab3a.TSHGW7WWZTC9R7G4.SEARCH&ppt=sp&ppn=sp&ssid=mfoyca52gg0000001788846652005&qH=04ad3bdbbe706182&ov_redirect=true
LOUIS PHILIPPE Slim Fit Casual Men Striped Polo Neck Pure Cotton ...more,4.3,1179,LOUIS PHILIPPE,https://www.flipkart.com/louis-philippe-striped-men-polo-neck-multicolor-t-shirt/p/itm99dc5a8d4ddac?pid=TSHGJVJGGJE8EBG9&lid=LSTTSHGJVJGGJE8EBG9VLRCJA&marketplace=FLIPKART&q=t+shirts&store=clo%2Fash%2Fank&srno=s_2_78&otracker=AS_Query_HistoryAutoSuggest_1_1_na_na_na&otracker1=AS_Query_HistoryAutoSuggest_1_1_na_na_na&fm=search-autosuggest&iid=en_Nybui6mzf-3pzsNRl3417K8-o26vG9WfrJQY1g7FcnA5EA6-8EAVF9hZXY-kiPprtL31yG2KrYBztRrmX9QISILw9cHvw_Jre5UjqYK6wWpm2fOx4jt4ppKIANdp529B&ppt=sp&ppn=sp&ssid=mfoyca52gg0000001788846652005&qH=04ad3bdbbe706182&ov_redirect=true
VeBNoR Men Solid Polo Neck Polyester Light Green T-Shirt,4.4,273,VeBNoR,https://www.flipkart.com/vebnor-solid-men-polo-neck-light-green-t-shirt/p/itm83671e2bbcec7?pid=TSHHMD6B9WZDGB7G&lid=LSTTSHHMD6B9WZDGB7GEWKUKM&marketplace=FLIPKART&q=t+shirts&store=clo%2Fash%2Fank&srno=s_1_13&otracker=AS_Query_HistoryAutoSuggest_1_1_na_na_na&otracker1=AS_Query_HistoryAutoSuggest_1_1_na_na_na&fm=organic&iid=af9972eb-852a-4fe1-9d01-5b84f1739265.TSHHMD6B9WZDGB7G.SEARCH&ppt=None&ppn=None&ssid=ndh00f0brk0000001788846633696&qH=04ad3bdbbe706182&ov_redirect=true
Louis Philippe Jeans Slim Fit Casual Men Solid Polo Neck Pure Cot...more,4.2,824,Louis Philippe Jeans,https://www.flipkart.com/louis-philippe-jeans-solid-men-polo-neck-maroon-t-shirt/p/itm4b76a324fecd8?pid=TSHGPPARRDKZVSES&lid=LSTTSHGPPARRDKZVSESCMODA6&marketplace=FLIPKART&q=t+shirts&store=clo%2Fash%2Fank&srno=s_1_38&otracker=AS_Query_HistoryAutoSuggest_1_1_na_na_na&otracker1=AS_Query_HistoryAutoSuggest_1_1_na_na_na&fm=organic&iid=en_6osxoQQoZ8klGu3LcJ1cNV27yJQju5zIHf1_2jrrNI-WP4g-uA3GVd-E7wNFvC8Pd7vDZKgvFzqMPBNV9HlzcFjyfqeKSNzM1rEfe7TitmLJuB4p5ln1ssNC79I1J3Pm&ppt=None&ppn=None&ssid=ndh00f0brk0000001788846633696&qH=04ad3bdbbe706182&ov_redirect=true
Louis Philippe Jeans Slim Fit Casual Men Solid Polo Neck Pure Cot...more,4.2,824,Louis Philippe Jeans,https://www.flipkart.com/louis-philippe-jeans-solid-men-polo-neck-dark-green-t-shirt/p/itmec5e89700ee7d?pid=TSHGPPARN7FYENZE&lid=LSTTSHGPPARN7FYENZEYMMYOJ&marketplace=FLIPKART&q=t+shirts&store=clo%2Fash%2Fank&srno=s_1_12&otracker=AS_Query_HistoryAutoSuggest_1_1_na_na_na&otracker1=AS_Query_HistoryAutoSuggest_1_1_na_na_na&fm=organic&iid=en_6osxoQQoZ8klGu3LcJ1cNV27yJQju5zIHf1_2jrrNI9Tk9xXFFwBPiSJgqa8CjZLUognRDKW0Iml8RFvC6fylf3Q5QqgL3qV42jH4zb7LGLJuB4p5ln1ssNC79I1J3Pm&ppt=None&ppn=None&ssid=ndh00f0brk0000001788846633696&qH=04ad3bdbbe706182&ov_redirect=true
Mno Men Solid Polo Neck Cotton Blend Multicolor T-Shirt,4.1,389,Mno,https://www.flipkart.com/mno-solid-men-polo-neck-multicolor-t-shirt/p/itm311bddb31e456?pid=TSHHPAZ4QWJAFEKA&lid=LSTTSHHPAZ4QWJAFEKAGJSATC&marketplace=FLIPKART&q=t+shirts&store=clo%2Fash%2Fank&srno=s_1_16&otracker=AS_Query_HistoryAutoSuggest_1_1_na_na_na&otracker1=AS_Query_HistoryAutoSuggest_1_1_na_na_na&fm=organic&iid=af9972eb-852a-4fe1-9d01-5b84f1739265.TSHHPAZ4QWJAFEKA.SEARCH&ppt=None&ppn=None&ssid=ndh00f0brk0000001788846633696&qH=04ad3bdbbe706182&ov_redirect=true
sti Men Printed Round Neck Polyester Multicolor T-Shirt,4.1,188,sti,https://www.flipkart.com/sti-printed-men-round-neck-multicolor-t-shirt/p/itm7f0132c3b3ec8?pid=TSHH4W345MCUVW6C&lid=LSTTSHH4W345MCUVW6CQOYTGK&marketplace=FLIPKART&q=t+shirts&store=clo%2Fash%2Fank&srno=s_2_66&otracker=AS_Query_HistoryAutoSuggest_1_1_na_na_na&otracker1=AS_Query_HistoryAutoSuggest_1_1_na_na_na&fm=search-autosuggest&iid=8da000fb-33ed-4722-af4f-48b51829ab3a.TSHH4W345MCUVW6C.SEARCH&ppt=sp&ppn=sp&ssid=mfoyca52gg0000001788846652005&qH=04ad3bdbbe706182&ov_redirect=true
FTX Pack of 4 Men Solid Round Neck Polyester Multicolor T-Shirt,4.1,355,FTX,https://www.flipkart.com/ftx-solid-men-round-neck-multicolor-t-shirt/p/itm0ae0ad406764a?pid=TSHGEHZUX7WE4PKW&lid=LSTTSHGEHZUX7WE4PKWH7JDVD&marketplace=FLIPKART&q=t+shirts&store=clo%2Fash%2Fank&srno=s_2_63&otracker=AS_Query_HistoryAutoSuggest_1_1_na_na_na&otracker1=AS_Query_HistoryAutoSuggest_1_1_na_na_na&fm=search-autosuggest&iid=8da000fb-33ed-4722-af4f-48b51829ab3a.TSHGEHZUX7WE4PKW.SEARCH&ppt=sp&ppn=sp&ssid=mfoyca52gg0000001788846652005&qH=04ad3bdbbe706182&ov_redirect=true
Louis Philippe Sport Slim Fit Casual Men Printed Round Neck Cotto...more,4.3,824,Louis Philippe Sport,https://www.flipkart.com/louis-philippe-sport-printed-men-round-neck-white-t-shirt/p/itm540bba62a63b5?pid=TSHGF85Q5AWA4SGV&lid=LSTTSHGF85Q5AWA4SGVTBR7DS&marketplace=FLIPKART&q=t+shirts&store=clo%2Fash%2Fank&srno=s_1_18&otracker=AS_Query_HistoryAutoSuggest_1_1_na_na_na&otracker1=AS_Query_HistoryAutoSuggest_1_1_na_na_na&fm=organic&iid=en_6osxoQQoZ8klGu3LcJ1cNV27yJQju5zIHf1_2jrrNI9cyYfWm1indhvFl3pD4s9PMLtycp6JSYBYclmcgQGgyHEnBtgj6ICUPEq-DUJsaNd9Iiq9uiny43TBeMSC2ogt&ppt=None&ppn=None&ssid=ndh00f0brk0000001788846633696&qH=04ad3bdbbe706182&ov_redirect=true
Funky fashion Men Printed Round Neck Cotton Blend Maroon T-Shirt,3.8,245,Funky fashion,https://www.flipkart.com/funky-fashion-printed-men-round-neck-maroon-t-shirt/p/itm8deaf03b0b2c7?pid=TSHHZHSU9U92UNWW&lid=LSTTSHHZHSU9U92UNWWKQKLUW&marketplace=FLIPKART&q=t+shirts&store=clo%2Fash%2Fank&srno=s_1_30&otracker=AS_Query_HistoryAutoSuggest_1_1_na_na_na&otracker1=AS_Query_HistoryAutoSuggest_1_1_na_na_na&fm=organic&iid=af9972eb-852a-4fe1-9d01-5b84f1739265.TSHHZHSU9U92UNWW.SEARCH&ppt=None&ppn=None&ssid=ndh00f0brk0000001788846633696&qH=04ad3bdbbe706182&ov_redirect=true
Funky fashion Men Printed Round Neck Cotton Blend Maroon T-Shirt,3.8,245,Funky fashion,https://www.flipkart.com/funky-fashion-printed-men-round-neck-maroon-t-shirt/p/itm8deaf03b0b2c7?pid=TSHHZHSU9U92UNWW&lid=LSTTSHHZHSU9U92UNWWKQKLUW&marketplace=FLIPKART&q=t+shirts&store=clo%2Fash%2Fank&srno=s_2_44&otracker=AS_Query_HistoryAutoSuggest_1_1_na_na_na&otracker1=AS_Query_HistoryAutoSuggest_1_1_na_na_na&fm=search-autosuggest&iid=8da000fb-33ed-4722-af4f-48b51829ab3a.TSHHZHSU9U92UNWW.SEARCH&ppt=sp&ppn=sp&ssid=mfoyca52gg0000001788846652005&qH=04ad3bdbbe706182&ov_redirect=true
Pepe Jeans Men Self Design Polo Neck Polycotton Red T-Shirt,4.4,599,Pepe Jeans,https://www.flipkart.com/pepe-jeans-self-design-men-polo-neck-red-t-shirt/p/itm8de156f657aff?pid=TSHHKUN454XCSSGY&marketplace=FLIPKART&ov_redirect=true
Louis Philippe Sport Slim Fit Casual Men Solid Polo Neck Pure Cot...more,4.2,824,Louis Philippe Sport,https://www.flipkart.com/louis-philippe-sport-solid-men-polo-neck-brown-t-shirt/p/itm04b03ec9ac65d?pid=TSHGPPBJZRBNQGRX&marketplace=FLIPKART&ov_redirect=true
